Protein,Peptide
APOA_HUMAN,GTYSTTVTGR
APOA_HUMAN,LFLEPTQADIALLK
APOA1_HUMAN,VQPYLDDFQK
APOA1_HUMAN,VSFLSALEEYTK
APOA2_HUMAN,EQLTPLIK
APOA4_HUMAN,LAPLAEDVR
APOA4_HUMAN,LGEVNTYAGDLQK
APOA5_HUMAN,AQLLGGVDEAWALLQGLQSR
APOA5_HUMAN,QDTYLQIAAFTR
APOB_HUMAN,FPEVDVLTK
APOB_HUMAN,FSVPAGIVIPSFQALTAR
APOB_HUMAN,TEVIPPLIENR
APOB_HUMAN,LSQLQTYM[+16]I
APOC1_HUMAN,DVSSALDK
APOC1_HUMAN,EFGNTLEDK
APOC2_HUMAN,TAAQNLYEK
APOC2_HUMAN,TAAQNLYK
APOC2_HUMAN,ESLSSYR
APOC3_HUMAN,GWVTDGFSSLK
APOC3_HUMAN,DYWSTVEDK
APOC4_HUMAN,DGWQWFWSPSTFR
APOC4_HUMAN,ELLETVVNR
APOD_HUMAN,IPTTFENGR
APOD_HUMAN,NILTSNNIDVK
APOE_HUMAN,AATVGSLAGQPLQER
APOE_HUMAN,C[+57]LAVYQAGAR
APOE_HUMAN,EQAEAFQAR
APOE_HUMAN,LAVYQAGAR
APOE_HUMAN,LGADMEDVR
APOE_HUMAN,LGADMEDVC[+57]GR
APOE_HUMAN,LGVDMEDVC[+57]GR
APOE_HUMAN,SELEEQLTPVAEETR
APOE_HUMAN,VEQAVETEPEPK
APOE_HUMAN,VLWAALLVTFLAGCQAKVK
APOF_HUMAN,SGVQQLIQYYQDQK
APOF_HUMAN,SYDLDPGAGSLEI
APOH_HUMAN,ATVVYQGER
APOH_HUMAN,VC[+57]PFAGILENGAVR
APOL1_HUMAN,ALDNLAR
APOL1_HUMAN,VTEPISAESGEQVER
APOM_HUMAN,FLLYNR
CFAH_HUMAN,IDVHLVPDR
CFAH_HUMAN,LSYTCEGGFR
CLUS_HUMAN,ASSIIDELFQDR
CLUS_HUMAN,ELDESLQVAER
